Project Fiche;Action document / Project fiche;
Project fiche;Action document / Project fiche;
Type - Project Fiche;Action document / Project fiche;
Action document;Action document / Project fiche;
Action documents;Action document / Project fiche;
Background;Background material;
Background - General Information;Background material;
Background analysis;Background material;
Background and general information;Background material;
Background Document;Background material;
Background Documents;Background material;
Background Documents ;Background material;
background note;Background material;
Type - Background Documents;Background material;
case stories;Case study & Lessons learned;
Case studies;Case study & Lessons learned;
Case Studies ;Case study & Lessons learned;
Case study;Case study & Lessons learned;
Case study ;Case study & Lessons learned;
Type - Case Studies;Case study & Lessons learned;
Case Study/ies;Case study & Lessons learned;
lesson learnt;Case study & Lessons learned;
Lessons learned;Case study & Lessons learned;
Lessons Learnt;Case study & Lessons learned;
Communication material;Communication material;
communication material;Communication material;
Type - Information & Communication material;Communication material;
Article;Communication material;Articles & Interviews
Articles;Communication material;Articles & Interviews
Interview;Communication material;Articles & Interviews
Interview ;Communication material;Articles & Interviews
interviews;Communication material;Articles & Interviews
Leaflet;Communication material;Leaflets
leaflet;Communication material;Leaflets
Brochure Leaflet;Communication material;Leaflets
Brochure/leaflet ;Communication material;Leaflets
Leaflets, Press Communications;Communication material;Leaflets
Newsletter;Communication material;Newsletter
newsletter;Communication material;Newsletter
Newsletter (pdf);Communication material;Newsletter
newsletters;Communication material;Newsletter
PFD newsletter;Communication material;Newsletter
picture;Communication material;Picture
Picture (jpg, png, bmp, tif, ...);Communication material;Picture
Pictures;Communication material;Picture
pictures;Communication material;Picture
Picture(s);Communication material;Picture
Pictures / Images;Communication material;Picture
Press release;Communication material;Press Release
press release;Communication material;Press Release
Press release (doc);Communication material;Press Release
Press releases;Communication material;Press Release
Press Releases;Communication material;Press Release
Video;Communication material;Video
video;Communication material;Video
vidéo;Communication material;Video
Video (mp4, avi, ...);Communication material;Video
videos;Communication material;Video
vidoe;Communication material;Video
video enlargement;Communication material;Video
publication;Communication material;Publications & Factsheets
publications;Communication material;Publications & Factsheets
Fact Sheets;Communication material;Publications & Factsheets
factsheet;Communication material;Publications & Factsheets
Factsheet (pdf);Communication material;Publications & Factsheets
Budget;Contractual documentation;Budget
Budget ;Contractual documentation;Budget
budgets;Contractual documentation;Budget
contract;Contractual documentation;Contract
Contracts;Contractual documentation;Contract
Terms of reference;Contractual documentation;Terms of Reference
terms of reference;Contractual documentation;Terms of Reference
Terms of Reference;Contractual documentation;Terms of Reference
Terms of Reference (ToR);Contractual documentation;Terms of Reference
TOR;Contractual documentation;Terms of Reference
ToR;Contractual documentation;Terms of Reference
ToR Templates;Contractual documentation;Terms of Reference
ToR Templates ;Contractual documentation;Terms of Reference
ToRs;Contractual documentation;Terms of Reference
ToRs ;Contractual documentation;Terms of Reference
Type - Terms of Reference;Contractual documentation;Terms of Reference
Terms of References;Contractual documentation;Terms of Reference
;Contractual documentation;Technical Administrative Provisions
EU document ;EU official document;
EU documents;EU official document;
Evaluation report;Evaluation report;
Evaluation Report;Evaluation report;
evaluation report;Evaluation report;
Evaluation Reports;Evaluation report;
Guideline;Guidelines;
Guidelines;Guidelines;
guidelines;Guidelines;
GUIDELINES;Guidelines;
guide;Guidelines;
Guide / Manual;Guidelines;
Guidelines & Manuals;Guidelines;
Guidelines, manuals;Guidelines;
;Learning material;
Learning / Training Material;Learning material;
Learning and Training Material;Learning material;
Learning and training material;Learning material;
Learning materials;Learning material;
Training and Learning Material;Learning material;
Training material;Learning material;
training material;Learning material;
Training materials;Learning material;
Type - Learning and Training Material;Learning material;
Type - Learning and Training material;Learning material;
Type - Training material;Learning material;
Presentation - Training Material;Learning material;Training Presentation
Presentations / learning material;Learning material;Training Presentation
Presentations / Training;Learning material;Training Presentation
Learning / Presentations;Learning material;Training Presentation
Training Presentations;Learning material;Training Presentation
Other Documents;Other;
Brief;Policy report / Briefing;
brief;Policy report / Briefing;
Brief (pdf);Policy report / Briefing;
Briefing;Policy report / Briefing;
briefing;Policy report / Briefing;
Briefing document;Policy report / Briefing;
Briefing Note;Policy report / Briefing;
briefing notes;Policy report / Briefing;
Briefing Notes;Policy report / Briefing;
Briefing paper;Policy report / Briefing;
Briefings;Policy report / Briefing;
briefings;Policy report / Briefing;
Policy brief;Policy report / Briefing;
Policy Briefing;Policy report / Briefing;
Research paper;Research Paper;
research paper;Research Paper;
Research Papers;Research Paper;
Research papers;Research Paper;
research papers;Research Paper;
Research Papers / Background;Research Paper;
action plan;Strategies & Action plans;
Action Plan;Strategies & Action plans;
Action plan;Strategies & Action plans;
action plans;Strategies & Action plans;
strategies;Strategies & Action plans;
Strategies;Strategies & Action plans;
Strategy;Strategies & Action plans;
strategy;Strategies & Action plans;
Strategy & planification;Strategies & Action plans;
Strategy paper;Strategies & Action plans;
strategy paper;Strategies & Action plans;
Strategy Paper/Programming document;Strategies & Action plans;
Strategy Papers;Strategies & Action plans;
Strategy paper-Workplan;Strategies & Action plans;
strategy planning;Strategies & Action plans;
Studies;Study;
studies;Study;
study;Study;
Study;Study;
Study ;Study;
Manual / How to?;Toolkits & manuals;
Manuals;Toolkits & manuals;
tookit;Toolkits & manuals;
tool kit;Toolkits & manuals;
toolkit;Toolkits & manuals;
Toolkit;Toolkits & manuals;