Agriculture & Rural Development;Agriculture & Rural Development;
Agriculture and Rural Development;Agriculture & Rural Development;
Theme - Agriculture and Rural Development;Agriculture & Rural Development;
Agriculture;Agriculture & Rural Development;
agriculture;Agriculture & Rural Development;
Agriculture_;Agriculture & Rural Development;
Agriculture ;Agriculture & Rural Development;
Agriculture and Rural Development ;Agriculture & Rural Development;
Agriculture development;Agriculture & Rural Development;
agricultural policies;Agriculture & Rural Development;Agricultural policy
agricultural policy;Agriculture & Rural Development;Agricultural policy
agriculture policy;Agriculture & Rural Development;Agricultural policy
agricultural statistics;Agriculture & Rural Development;Agricultural statistics
agriculture statistics;Agriculture & Rural Development;Agricultural statistics
agro-value chain;Agriculture & Rural Development;Agro-value chains
agro-value chains;Agriculture & Rural Development;Agro-value chains
family farming;Agriculture & Rural Development;Family farming
sustainable land management;Agriculture & Rural Development;Sustainable Land management
land governance;Agriculture & Rural Development;Land governance
Land Grab;Agriculture & Rural Development;Land grabbing
land grabbing;Agriculture & Rural Development;Land grabbing
Land Grabbing;Agriculture & Rural Development;Land grabbing
Irrigation;Agriculture & Rural Development;Irrigation & agro hydro infrastructures
Commodities;Agriculture & Rural Development;Commodities
commodities;Agriculture & Rural Development;Commodities
Livestock;Agriculture & Rural Development;Livestock
livestock;Agriculture & Rural Development;Livestock
Livestock ;Agriculture & Rural Development;Livestock
pastoralism;Agriculture & Rural Development;Pastoralism
Pastoralism;Agriculture & Rural Development;Pastoralism
Agricultural Research;Agriculture & Rural Development;Agricultural research
Agricultural research;Agriculture & Rural Development;Agricultural research
agricultural research;Agriculture & Rural Development;Agricultural research
Agricultural research for development;Agriculture & Rural Development;Agricultural research
Farmers organisations;Agriculture & Rural Development;Farmers organisations
Rural Development;Agriculture & Rural Development;Rural development
Rural development;Agriculture & Rural Development;Rural development
Agro-Business;Agriculture & Rural Development;Agro-business
aid edffectiveness;Aid effectiveness;
Aid Efectiveness;Aid effectiveness;
Aid Effectiveness ;Aid effectiveness;
aid effectiveness;Aid effectiveness;
aid effectivennes;Aid effectiveness;
Aid effectiveness;Aid effectiveness;
aid effectiveness.;Aid effectiveness;
Aid Effectiveness;Aid effectiveness;
Joint Programing;Aid effectiveness;Joint programming
joint programing;Aid effectiveness;Joint programming
Joint Programing Aid Effectiveness;Aid effectiveness;Joint programming
Joint programming;Aid effectiveness;Joint programming
joint programming;Aid effectiveness;Joint programming
Joint Analysis;Aid effectiveness;Joint analysis
joint analysis;Aid effectiveness;Joint analysis
division of labor;Aid effectiveness;Division of labour & donor coordination
Division of Labor;Aid effectiveness;Division of labour & donor coordination
Division of Labour;Aid effectiveness;Division of labour & donor coordination
donor coordination;Aid effectiveness;Division of labour & donor coordination
Donor Coordination;Aid effectiveness;Division of labour & donor coordination
donor coordination and approaches;Aid effectiveness;Division of labour & donor coordination
Divison of Labour;Aid effectiveness;Division of labour & donor coordination
aid fragmentation;Aid effectiveness;Aid fragmentation
Mutual Accountability;Aid effectiveness;Mutual accountability
mutual accountability;Aid effectiveness;Mutual accountability
Ownership;Aid effectiveness;Ownership
ownership;Aid effectiveness;Ownership
AID MODALITIES;Aid effectiveness;Aid modalities
aid modalities;Aid effectiveness;Aid modalities
transparence;Aid effectiveness;Transparency
Transparency;Aid effectiveness;Transparency
transparency;Aid effectiveness;Transparency
Aid Procedures;Aid procedures;
Use of country systems;Aid procedures;Use of country systems
country systems;Aid procedures;Use of country systems
Country systems;Aid procedures;Use of country systems
ePRAG;Aid procedures;PRAG
PRAG;Aid procedures;PRAG
Companion;Aid procedures;COMPANION
programme estimates;Aid procedures;Programme estimates
Programme Estimates;Aid procedures;Programme estimates
framework contracts;Aid procedures;Framework contracts
biodiversit;Biodiversity & Ecosystem services;
Biodiversity;Biodiversity & Ecosystem services;
biodiversity;Biodiversity & Ecosystem services;
Ecosystems ;Biodiversity & Ecosystem services;
ecosystem;Biodiversity & Ecosystem services;
Ecosystems ;Biodiversity & Ecosystem services;
Ecosystems;Biodiversity & Ecosystem services;
air pollution;Biodiversity & Ecosystem services;Air pollution and preservation
Air Pollution;Biodiversity & Ecosystem services;Air pollution and preservation
biodiversity conservation;Biodiversity & Ecosystem services;Conservation
conservacion;Biodiversity & Ecosystem services;Conservation
Conservation;Biodiversity & Ecosystem services;Conservation
biotrade;Biodiversity & Ecosystem services;Bio trade
Biotrade;Biodiversity & Ecosystem services;Bio trade
BioTrade;Biodiversity & Ecosystem services;Bio trade
Illegal Wildlife Trade;Biodiversity & Ecosystem services;Wildlife trade & trafficking
illegal wildlife trafficking;Biodiversity & Ecosystem services;Wildlife trade & trafficking
wildlife trade;Biodiversity & Ecosystem services;Wildlife trade & trafficking
Wildlife Trade;Biodiversity & Ecosystem services;Wildlife trade & trafficking
Wildlife Trafficking;Biodiversity & Ecosystem services;Wildlife trade & trafficking
Wildlife crisis;Biodiversity & Ecosystem services;Wildlife crisis
poaching;Biodiversity & Ecosystem services;Hunting and poaching
ecotourism;Biodiversity & Ecosystem services;Ecotourism
ethical tourism;Biodiversity & Ecosystem services;Ecotourism
natural resource management;Biodiversity & Ecosystem services;Natural resource management
Natural Resource Management;Biodiversity & Ecosystem services;Natural resource management
Natural Resources Management;Biodiversity & Ecosystem services;Natural resource management
Ecosystem services;Biodiversity & Ecosystem services;Ecosystem services
ecosystem services;Biodiversity & Ecosystem services;Ecosystem services
Payment for Ecosystem Services;Biodiversity & Ecosystem services;Payment for ecosystem services
payment for ecosystem services;Biodiversity & Ecosystem services;Payment for ecosystem services
Budget Support;Budget support;
Budget support;Budget support;
budget support;Budget support;
BS;Budget support;
Topic - Budget support;Budget support;
general budget support;Budget support;
General Budget support;Budget support;
General budget support;Budget support;
Budget Support ;Budget support;
Budget Support.;Budget support;
PEFA;Budget support;PEFA
Public Expenditure and Financial Accountability (PEFA);Budget support;PEFA
Budget support indicators;Budget support;Budget Support Indicators
Capacity development;Capacity Development;
Capacity Development;Capacity Development;
capacity development;Capacity Development;
Capacity 4 Development;Capacity Development;
Theme - Capacity Developement;Capacity Development;
cd;Capacity Development;
Backbone Strategy;Capacity Development;Backbone strategy
backbone strategy;Capacity Development;Backbone strategy
Backbone strategy;Capacity Development;Backbone strategy
change management;Capacity Development;Change management
change mangement;Capacity Development;Change management
Capacity Development & Technical Cooperation Reform;Capacity Development;technical cooperation reform
TECHNICAL COOPERATION REFORM;Capacity Development;technical cooperation reform
reform of tc;Capacity Development;technical cooperation reform
reform of technical cooperation;Capacity Development;technical cooperation reform
Reforming technical cooperation;Capacity Development;technical cooperation reform
TC reform;Capacity Development;technical cooperation reform
Civil society;Civil Society;
Civil Society;Civil Society;
civil society;Civil Society;
Theme - Civil Society;Civil Society;
citizen participation;Civil Society;Citizen participation 
Human rights defenders;Civil Society;Human rights defenders
human rights defenders;Civil Society;Human rights defenders
Non-State Actors;Civil Society;Non-state actors
non-state actors;Civil Society;Non-state actors
NSA;Civil Society;Non-state actors
NSAs;Civil Society;Non-state actors
non state actors;Civil Society;Non-state actors
childre;Children and Youth;
Children;Children and Youth;
children;Children and Youth;
Theme - Children;Children and Youth;
Youth;Children and Youth;
youth;Children and Youth;
YOUTH;Children and Youth;
Children & Youth;Children and Youth;
Child labour;Children and Youth;Child labour
Child Labour;Children and Youth;Child labour
childl labor;Children and Youth;Child labour
youth engagement;Children and Youth;Youth engagement
Youth Employment;Children and Youth;Youth employment
Youth employment;Children and Youth;Youth employment
Children Rights;Children and Youth;Children rights
childrights;Children and Youth;Children rights
Children's rights;Children and Youth;Children rights
child rights;Children and Youth;Children rights
Climate Change;Climate change, disaster risk reduction & desertification;
climate change;Climate change, disaster risk reduction & desertification;
Climate change;Climate change, disaster risk reduction & desertification;
desertification;Climate change, disaster risk reduction & desertification;Desertification/land degradation
land degradation;Climate change, disaster risk reduction & desertification;Desertification/land degradation
Land degradation;Climate change, disaster risk reduction & desertification;Desertification/land degradation
Land Degradation and Desertification;Climate change, disaster risk reduction & desertification;Desertification/land degradation
Disaster risk reduction;Climate change, disaster risk reduction & desertification;Disaster Risk Reduction (DRR)
Disaster Risk Reduction;Climate change, disaster risk reduction & desertification;Disaster Risk Reduction (DRR)
disaster risk reduction;Climate change, disaster risk reduction & desertification;Disaster Risk Reduction (DRR)
Disaster Risk Reduction (DRR);Climate change, disaster risk reduction & desertification;Disaster Risk Reduction (DRR)
DRR;Climate change, disaster risk reduction & desertification;Disaster Risk Reduction (DRR)
Drought;Climate change, disaster risk reduction & desertification;Drought
drought;Climate change, disaster risk reduction & desertification;Drought
climate change finance;Climate change, disaster risk reduction & desertification;Climate finance
Climate change finance;Climate change, disaster risk reduction & desertification;Climate finance
Climate Finance;Climate change, disaster risk reduction & desertification;Climate finance
Climate finance;Climate change, disaster risk reduction & desertification;Climate finance
Climate financing;Climate change, disaster risk reduction & desertification;Climate finance
Climate Financing;Climate change, disaster risk reduction & desertification;Climate finance
Adaptation;Climate change, disaster risk reduction & desertification;Adaptation
Adaptation ;Climate change, disaster risk reduction & desertification;Adaptation
adaptation;Climate change, disaster risk reduction & desertification;Adaptation
climate adaptation;Climate change, disaster risk reduction & desertification;Adaptation
Climate change adaptation;Climate change, disaster risk reduction & desertification;Adaptation
climate change adaptation;Climate change, disaster risk reduction & desertification;Adaptation
Climate change mitigation;Climate change, disaster risk reduction & desertification;Mitigation
Climate Change Mitigation;Climate change, disaster risk reduction & desertification;Mitigation
Climate-smart agriculture;Climate change, disaster risk reduction & desertification;Climate smart agriculture
climate-smart agriculture;Climate change, disaster risk reduction & desertification;Climate smart agriculture
clean energy efficient technologies;Climate change, disaster risk reduction & desertification;Clean energy technology
clean energy technologies;Climate change, disaster risk reduction & desertification;Clean energy technology
clean energy;Climate change, disaster risk reduction & desertification;Clean energy technology
Clean Technology;Climate change, disaster risk reduction & desertification;Clean energy technology
cleaner technologies;Climate change, disaster risk reduction & desertification;Clean energy technology
Communicating Developement Cooperation;Communicating Development Cooperation;
Communicating Development Cooperation;Communicating Development Cooperation;
Communication, Visibility;Communicating Development Cooperation;Visibility
visibiilty;Communicating Development Cooperation;Visibility
Visibility;Communicating Development Cooperation;Visibility
awareness raising;Communicating Development Cooperation;Awareness raising
Awareness-raising;Communicating Development Cooperation;Awareness raising
awarness;Communicating Development Cooperation;Awareness raising
awareness;Communicating Development Cooperation;Awareness raising
Communication;Communicating Development Cooperation;Communication
communication;Communicating Development Cooperation;Communication
Communication ;Communicating Development Cooperation;Communication
"Communication	";Communicating Development Cooperation;Communication
Communications;Communicating Development Cooperation;Communication
Media relations;Communicating Development Cooperation;Media relations
Social Media;Communicating Development Cooperation;Social media
social media;Communicating Development Cooperation;Social media
Social medias;Communicating Development Cooperation;Social media
CULTURE;Culture;
Culture;Culture;
culture;Culture;
Theme - Culture;Culture;
Cultural Heritage;Culture;Cultural heritage
cultural heritage;Culture;Cultural heritage
Culture and Economic development;Culture;Culture & economic development
cultural management;Culture;Cultural management
cultural policy;Culture;Cultural policy
Cultural policy;Culture;Cultural policy
cultural policies;Culture;Cultural policy
Programme design;Design;
political economy analyisis;Design;Political economy analysis
Political Economy Analysis;Design;Political economy analysis
Political Economy Analysis ;Design;Political economy analysis
stakeholder analysis;Design;Stakeholders analysis
Policy Dialogue;Design;Policy Dialogue
Policy dialogue;Design;Policy Dialogue
policy dialogue;Design;Policy Dialogue
POLICY DIALOGUE;Design;Policy Dialogue
political dialogue;Design;Policy Dialogue
Logical framework;Design;Logical framework
Logical Framework;Design;Logical framework
Logical Framework /Cadre Logique ;Design;Logical framework
Logical Frameworks;Design;Logical framework
Intervention Logic;Design;Logic of intervention 
Risk assessments;Design;Risk assessment
Risk assessement;Design;Risk assessment
risk assessment;Design;Risk assessment
Risk Assessment ;Design;Risk assessment
Sector approach;Design;Sector approach
sector approach;Design;Sector approach
Sector Approaches ;Design;Sector approach
development policies;Development Policy;
development policy;Development Policy;
DEVELOPMENT POLICY;Development Policy;
Development Policy;Development Policy;
Development policy;Development Policy;
Developement policy;Development Policy;
policymaking;Development Policy;Policy making
policy-making;Development Policy;Policy making
policy making;Development Policy;Policy making
Sustainable development;Development Policy;Sustainable development
sustainable development;Development Policy;Sustainable development
Sustainable Development;Development Policy;Sustainable development
"sustainable development;";Development Policy;Sustainable development
SDGs - Sustainable Development Goals ;Development Policy;Sustainable development
MDG;Development Policy;Millennium Development Goals
mdg;Development Policy;Millennium Development Goals
MDGs;Development Policy;Millennium Development Goals
Millenium Development Goals;Development Policy;Millennium Development Goals
Millennium Development Goals;Development Policy;Millennium Development Goals
millennium development goals;Development Policy;Millennium Development Goals
Milllenium Development Goal;Development Policy;Millennium Development Goals
MDGs and post-2015;Development Policy;Millennium Development Goals
post-MDG;Development Policy;Millennium Development Goals
post2015;Development Policy;Post-2015 - Sustainable Development Goals
Post-2015;Development Policy;Post-2015 - Sustainable Development Goals
post-2015;Development Policy;Post-2015 - Sustainable Development Goals
post 2015;Development Policy;Post-2015 - Sustainable Development Goals
Post 2015;Development Policy;Post-2015 - Sustainable Development Goals
Post 2015 and SDGs;Development Policy;Post-2015 - Sustainable Development Goals
SDG;Development Policy;Post-2015 - Sustainable Development Goals
SDGs;Development Policy;Post-2015 - Sustainable Development Goals
Sustainable Development Goals;Development Policy;Post-2015 - Sustainable Development Goals
Sustainable development goals;Development Policy;Post-2015 - Sustainable Development Goals
sustainable development goals (sdgs);Development Policy;Post-2015 - Sustainable Development Goals
Policy Coherence for Development;Development Policy;Policy coherence for development
Policy Coherence for Development - PCD;Development Policy;Policy coherence for development
South-South;Development Policy;South-South cooperation
South-South cooperation;Development Policy;South-South cooperation
south-south cooperation;Development Policy;South-South cooperation
South-to-South Cooperation;Development Policy;South-South cooperation
south south cooperation;Development Policy;South-South cooperation
triangular cooperation;Development Policy;Triangular cooperation
Triangular Cooperation;Development Policy;Triangular cooperation
Democracy;Democracy;
democracy;Democracy;
Theme - Democracy;Democracy;
civic educaiton;Democracy;Civic education 
Civic Education;Democracy;Civic education 
civic educaiton;Democracy;Civic education 
Effective Electoral Assistance;Democracy;Electoral assistance
Electoral Assisitance;Democracy;Electoral assistance
Electoral Assistance;Democracy;Electoral assistance
Parliamentary Support;Democracy;Parliamentary support
parliamentary support;Democracy;Parliamentary support
parliament support;Democracy;Parliamentary support
Democratic Transition;Democracy;Democratic transition
democratic transition;Democracy;Democratic transition
democratic transtion;Democracy;Democratic transition
Economics;Economics & Public Finance ;
economics;Economics & Public Finance ;
Public Finance;Economics & Public Finance ;
public finance;Economics & Public Finance ;
Public Finance Management;Economics & Public Finance ;Public finance management
public finance management;Economics & Public Finance ;Public finance management
Public Financia management;Economics & Public Finance ;Public finance management
Public Financial Management;Economics & Public Finance ;Public finance management
public financial management;Economics & Public Finance ;Public finance management
PFM;Economics & Public Finance ;Public finance management
pfm;Economics & Public Finance ;Public finance management
management of public finances;Economics & Public Finance ;Public finance management
Topic - Public Finance Management;Economics & Public Finance ;Public finance management
public fianncail management;Economics & Public Finance ;Public finance management
Fiscal Policies;Economics & Public Finance ;Fiscal policy 
Fiscal policies;Economics & Public Finance ;Fiscal policy 
fiscal policy;Economics & Public Finance ;Fiscal policy 
Fiscal policy;Economics & Public Finance ;Fiscal policy 
Topic - Economic and fiscal policies;Economics & Public Finance ;Fiscal policy 
domestic accountability;Economics & Public Finance ;Domestic accountability & transparency
Domestic Accountability;Economics & Public Finance ;Domestic accountability & transparency
domestic accountabiliy;Economics & Public Finance ;Domestic accountability & transparency
economic growth;Economics & Public Finance ;Economic growth
Macroeconomic;Economics & Public Finance ;Macroeconomy
Macroeconomics;Economics & Public Finance ;Macroeconomy
macroeconomy;Economics & Public Finance ;Macroeconomy
educacion;Education;
Education;Education;
education;Education;
Education ;Education;
Theme - Education;Education;
Inclusive Education;Education;Inclusive education 
Inclusive education;Education;Inclusive education 
Education - Inclusive Education;Education;Inclusive education 
Education - Monitoring Progress and Results;Education;Monitoring Progress and Results in education
Monitoring Progress & Results in education;Education;Monitoring Progress and Results in education
Education - Policy Dialogue;Education;Education Policy Dialogue
Education Policy Dialogue;Education;Education Policy Dialogue
Education - Sector Policy Dialogue;Education;Education Policy Dialogue
Education - Policy and Sector Analysis;Education;Education policy & policy analysis
Education - Quality of Education;Education;Quality of education
Quality of Education;Education;Quality of education
quality education;Education;Quality of education
Education - Post-2015 Agenda;Education;Education - Post-2015 Agenda
Education Global Programme;Education;Education global programme
Private Sector Engagement in Education;Education;Private Sector engagement in education
Education - ICT in Education;Education;ICT in education
ICT in Education;Education;ICT in education
Education Facilities;Education;Education facilities
Education - Teachers Training;Education;Teacher training
teachers' trainer;Education;Teacher training
Teacher Training;Education;Teacher training
Educational Research;Education;Educational research
Education - Primary Education;Education;Primary education
Primary education;Education;Primary education
Secondary Education;Education;Secondary education
Higher Education;Education;Higher education
higher education;Education;Higher education
Education - Higher Education;Education;Higher education
Higher education sector;Education;Higher education
Education - Erasmus;Education;Erasmus
Employment;Employment & VET;
employment;Employment & VET;
Employmetn;Employment & VET;
VET;Employment & VET;
vet;Employment & VET;
Decent Work;Employment & VET;Decent work
Employment policies;Employment & VET;Employment policy
Youth Employment;Employment & VET;Youth employment
vocational training;Employment & VET;Vocational training
vocational education;Employment & VET;Vocational training
Energy;Energy;
Energy ;Energy;
energy;Energy;
Theme - Energy;Energy;
Energy access;Energy;Energy access
energy access;Energy;Energy access
Energy Access;Energy;Energy access
energy security;Energy;Energy security
Energy efficency;Energy;Energy efficiency
Energy Efficiency;Energy;Energy efficiency
energy efficiency;Energy;Energy efficiency
Cookstoves;Energy;Cookstroves & cooking fuels
clean energy technologies;Energy;Clean energy technology
clean energy efficient technologies;Energy;Clean energy technology
nuclear;Energy;Nuclear energy
nuclear energy;Energy;Nuclear energy
geothermal;Energy;Geothermal energy
Geothermal Energy;Energy;Geothermal energy
geothermal energy;Energy;Geothermal energy
Solar Energy;Energy;Solar energy
Solar energy;Energy;Solar energy
solar energy;Energy;Solar energy
solar power;Energy;Solar energy
solar  energy;Energy;Solar energy
solar enery;Energy;Solar energy
solar;Energy;Solar energy
Wind Energy;Energy;Wind power
wind energy;Energy;Wind power
wind power;Energy;Wind power
biomass;Energy;Biomass energy
Biomass;Energy;Biomass energy
Biomass Energy;Energy;Biomass energy
Biogas;Energy;Biogas
Energy Biomass;Energy;Biogas
charcoal;Energy;Fuelwood and charcoal
Green Economy;Environment & green economy;
Green economy;Environment & green economy;
green economy;Environment & green economy;
environement;Environment & green economy;
Environment;Environment & green economy;
environment;Environment & green economy;
environment ;Environment & green economy;
environment.;Environment & green economy;
Environmental Governance;Environment & green economy;Environmental Governance
Environmental governance;Environment & green economy;Environmental Governance
Environmental Accounting;Environment & green economy;Environmental Accounting
environmental mainstreaming;Environment & green economy;Environmental mainstreaming
environmental justice;Environment & green economy;Environmental justice & law
Environmental Law;Environment & green economy;Environmental justice & law
environmental crime;Environment & green economy;Environmental crime
Environmental Crime;Environment & green economy;Environmental crime
environmental education;Environment & green economy;Environmental education/ training
green policies;Environment & green economy;Green policy
Green Trade;Environment & green economy;Green trade
green jobs;Environment & green economy;Green jobs
Resource efficiency;Environment & green economy;Resource efficiency
resource efficiency;Environment & green economy;Resource efficiency
Resource Efficiency;Environment & green economy;Resource efficiency
Green Industry;Environment & green economy;Green industry
green industry;Environment & green economy;Green industry
Food and nutrition security;Food & Nutrition Security;
Food & Nutrition Security;Food & Nutrition Security;
food and nutrition security;Food & Nutrition Security;
Food and Nutrition Security;Food & Nutrition Security;
food and nutrition security;Food & Nutrition Security;
Food Security and Nutrition;Food & Nutrition Security;
Food security and nutrition;Food & Nutrition Security;
nutritional security;Food & Nutrition Security;
nutrition security;Food & Nutrition Security;
micronutrients;Food & Nutrition Security;Micro nutrients supplementation
results monitoring nutrition;Food & Nutrition Security;Nutrition monitoring
obesity;Food & Nutrition Security;Obesity
Food Security Governance;Food & Nutrition Security;Food Security Governance
Food Availability;Food & Nutrition Security;Food availability
food quality;Food & Nutrition Security;Food quality
Food Safety;Food & Nutrition Security;Food safety
food prices;Food & Nutrition Security;Food accessibility & prices
Food Access;Food & Nutrition Security;Food accessibility & prices
Food Utilization;Food & Nutrition Security;Food utilisation
Food Waste;Food & Nutrition Security;Food waste
Food security;Food & Nutrition Security;Livestock and food security
Food Security;Food & Nutrition Security;Livestock and food security
food security;Food & Nutrition Security;Livestock and food security
Fisheries;Food & Nutrition Security;Fisheries and food security
fisheries;Food & Nutrition Security;Fisheries and food security
fragility and crises;Fragility, Crisis Situations & Resilience;
Fragility;Fragility, Crisis Situations & Resilience;
fragility;Fragility, Crisis Situations & Resilience;
Fragitlity;Fragility, Crisis Situations & Resilience;
crises and fragility;Fragility, Crisis Situations & Resilience;
crisis;Fragility, Crisis Situations & Resilience;
crises;Fragility, Crisis Situations & Resilience;
crisis and fragility;Fragility, Crisis Situations & Resilience;
post-conflict;Fragility, Crisis Situations & Resilience;Post conflict
New Deal;Fragility, Crisis Situations & Resilience;New deal
New deal;Fragility, Crisis Situations & Resilience;New deal
Comprehensive Approach;Fragility, Crisis Situations & Resilience;Comprehensive approach
comprehensive approach;Fragility, Crisis Situations & Resilience;Comprehensive approach
conflict sensitivity;Fragility, Crisis Situations & Resilience;Conflict sensitivity
conflict analysis;Fragility, Crisis Situations & Resilience;Conflict analysis
Resilience;Fragility, Crisis Situations & Resilience;Resilience
resilience;Fragility, Crisis Situations & Resilience;Resilience
RESILIENCE;Fragility, Crisis Situations & Resilience;Resilience
reslience;Fragility, Crisis Situations & Resilience;Resilience
Gender;Gender;
gender;Gender;
Theme - Gender;Gender;
"gender; women";Gender;
empowerment of women;Gender;Women's empowerment
women empowerment;Gender;Women's empowerment
women's empowerment;Gender;Women's empowerment
women's organisations;Gender;Women's organisations
Gender Policy;Gender;Gender policy
gender budgeting;Gender;Gender budgeting
gender equlity.;Gender;Gender equality - women's rights
gender equality;Gender;Gender equality - women's rights
Gender Equality;Gender;Gender equality - women's rights
Gender equality ;Gender;Gender equality - women's rights
women's rights;Gender;Gender equality - women's rights
Gender / Women's rights;Gender;Gender equality - women's rights
gender mainstreaming;Gender;Gender mainstreaming
Gender mainstreaming;Gender;Gender mainstreaming
gender based violence;Gender;Gender-based violence
Gender Based Violence;Gender;Gender-based violence
gender-based violence;Gender;Gender-based violence
Gender-based Violence & Discrimination;Gender;Gender-based violence
Governance;Governance & Corruption;
governance;Governance & Corruption;
Corruption;Governance & Corruption;
corruption;Governance & Corruption;
sector governance;Governance & Corruption;
Anti-corruption reform;Governance & Corruption;Anti-Corruption reform
anti-corruption reforms;Governance & Corruption;Anti-Corruption reform
Anti-corruption legistation;Governance & Corruption;Anti-Corruption legislation
Anti-corruption tools and approaches;Governance & Corruption;Anti-Corruption tools and methods
Corruption index;Governance & Corruption;Corruption indexes
Good governance;Governance & Corruption;Good governance
good governance;Governance & Corruption;Good governance
analysing governan;Governance & Corruption;Governance analysis
analysing governance;Governance & Corruption;Governance analysis
Sector governance analysis;Governance & Corruption;Governance analysis
Statistics;Governance & Corruption;Statistics
statistics;Governance & Corruption;Statistics
stats;Governance & Corruption;Statistics
Humanitarian - Development transition / LRRD;Health;
health;Health;
Health;Health;
HEALTH;Health;
healtg;Health;
Theme - Health;Health;
Health System Strenghtening;Health;Health Systems Strengthening
health system strengthening;Health;Health Systems Strengthening
Health Systems Strengthening;Health;Health Systems Strengthening
health systens strengthening;Health;Health Systems Strengthening
HEALTH SYSTEMS STRENGTHENING;Health;Health Systems Strengthening
health information system;Health;Health information systems
Health information systems;Health;Health information systems
Health system;Health;Health information systems
Health Systems;Health;Health information systems
Health Systems.;Health;Health information systems
Health Sysyems.;Health;Health information systems
Health financing;Health;Health financing
HEALTH FINANCING;Health;Health financing
health financing;Health;Health financing
Health - Fragile States;Health;Health in fragile contexts
Humanitarian - Development transition / LRRD;Health;Health global programme
Health - Universal Health Coverage;Health;Universal health coverage - equity
Universal Health Coverage;Health;Universal health coverage - equity
health equity;Health;Universal health coverage - equity
Health Infrastructure/ Rehabilitation;Health;Health infrastructure/rehabilitation
Health infrastructure/rehabilitation;Health;Health infrastructure/rehabilitation
Secondary Health Care/ Referral Hospitals;Health;Secondary Health Care/ Referral Hospitals
Secondary health care/referral hospitals;Health;Secondary Health Care/ Referral Hospitals
Mental health ;Health;Mental health
Health - Nutrition and Health;Health;Nutrition and health
Health and nutrition;Health;Nutrition and health
Hygiene;Health;Health education & hygiene
hygiene;Health;Health education & hygiene
Education? Health;Health;Health education & hygiene
Malaria;Health;Malaria control
malaria;Health;Malaria control
Tuberculosis;Health;Tuberculosis control
Health - Human Resources;Health;Human Resources for health services
Human Resources for Health;Health;Human Resources for health services
reproductive health;Health;Reproductive health care
Health & Sanitation;Health;Health & Sanitation
Medical Supplies;Health;Medical supplies
Human Rights;Human Rights;
human rights;Human Rights;
Human rights;Human Rights;
Human rights_;Human Rights;
Theme - Human Rights;Human Rights;
"Human rights	";Human Rights;
human rights.;Human Rights;
human rights based approaches;Human Rights;Human rights based approaches
human rights based-approach;Human Rights;Human rights based approaches
human rights defenders;Human Rights;Human rights defenders
Human rights dialogue;Human Rights;Human rights dialogue
humanitarian aid;Humanitarian Aid;
Humanitarian Aid;Humanitarian Aid;
Humanitarian aid;Humanitarian Aid;
humanitarian;;
Protection;Humanitarian Aid;Protection
Livelihood;Humanitarian Aid;Livelihoods
livelihood;Humanitarian Aid;Livelihoods
Livelihoods;Humanitarian Aid;Livelihoods
livelihoods;Humanitarian Aid;Livelihoods
livelihood.;Humanitarian Aid;Livelihoods
Community outreach;Humanitarian Aid;Community outreach
Cluster;Humanitarian Aid;Cluster
Clusters;Humanitarian Aid;Cluster
Humanitarian - Development transition / LRRD;Humanitarian Aid;Humanitarian - development transition - LRRD
LRRD;Humanitarian Aid;Humanitarian - development transition - LRRD
LRRD.;Humanitarian Aid;Humanitarian - development transition - LRRD
Transition/LRRD;Humanitarian Aid;Humanitarian - development transition - LRRD
ICT;ICT & Space;
ICTs;ICT & Space;
ICTS;ICT & Space;
Space;ICT & Space;
Big Data;ICT & Space;Big Data
GIS;ICT & Space;GIS
mobile technology;ICT & Space;Mobile technology
satellite imagery;ICT & Space;Satellite imagery
satellite images;ICT & Space;Satellite imagery
technology transfer;ICT & Space;Technology transfer
Financing for Development;Innovative Financing for Development;
Financing for development.;Innovative Financing for Development;
innovative financing;Innovative Financing for Development;
Blending;Innovative Financing for Development;Blending
Microfinance;Innovative Financing for Development;Microfinance
microfinance;Innovative Financing for Development;Microfinance
micro finance;Innovative Financing for Development;Microfinance
4. Micro-finance;Innovative Financing for Development;Microfinance
crowd funding;Innovative Financing for Development;Crowd funding
crowd funging;Innovative Financing for Development;Crowd funding
crowdfunding;Innovative Financing for Development;Crowd funding
crowd-funding;Innovative Financing for Development;Crowd funding
micro-funding;Innovative Financing for Development;Micro funding
twinning;Innovative Financing for Development;Partnership agreements and twinnings
Twinning;Innovative Financing for Development;Partnership agreements and twinnings
Trust Fund;Innovative Financing for Development;Trust funds
Trust Funds;Innovative Financing for Development;Trust funds
pool funding;Innovative Financing for Development;Pool funds
Peace and security;Peace and Security;
peace and security;Peace and Security;
Peace and security;Peace and Security;
Peace;Peace and Security;
peace;Peace and Security;
Security;Peace and Security;
security;Peace and Security;
Theme - Security;Peace and Security;
State building contract;Peace and Security;State building contracts
state-building contract;Peace and Security;State building contracts
Peacebuilding;Peace and Security;Peace building & conflict prevention
peacebuilding;Peace and Security;Peace building & conflict prevention
peace-building;Peace and Security;Peace building & conflict prevention
Conflict Prevention;Peace and Security;Peace building & conflict prevention
conflict prevention;Peace and Security;Peace building & conflict prevention
Peace keeping;Peace and Security;Peace keeping
Peacekepping;Peace and Security;Peace keeping
Peacekepping;Peace and Security;Peace keeping
Peacekeeping;Peace and Security;Peace keeping
Justice;Justice;
justice;Justice;
Theme - Justice;Justice;
judicial independence;Justice;Judicial independence
"judiciary; law enforcement";Justice;Law enforcement
law enforcement;Justice;Law enforcement
police;Justice;Police
Knowledge Sharing;Knowledge Sharing ;
Knowledge sharing;Knowledge Sharing ;
knowledge sharing;Knowledge Sharing ;
knowledge-sharing;Knowledge Sharing ;
Knowledge management;Knowledge Sharing ;Knowledge management
Knowledge Management;Knowledge Sharing ;Knowledge management
knowledge management;Knowledge Sharing ;Knowledge management
Knowledge management*;Knowledge Sharing ;Knowledge management
Knowledge management & sharing;Knowledge Sharing ;Knowledge management
Knowledge Management / Sharing;Knowledge Sharing ;Knowledge management
Knowledge Management & Knowledge Sharing;Knowledge Sharing ;Knowledge management
Best practice;Knowledge Sharing ;Good practices
best practice;Knowledge Sharing ;Good practices
best practices;Knowledge Sharing ;Good practices
good practice;Knowledge Sharing ;Good practices
Good practice;Knowledge Sharing ;Good practices
Good practices;Knowledge Sharing ;Good practices
good practices;Knowledge Sharing ;Good practices
Learning;Learning;
learning;Learning;
eLearning;Learning;e-learning
elearning;Learning;e-learning
E-learning;Learning;e-learning
e-learning;Learning;e-learning
E-Learning;Learning;e-learning
Seminar;Learning;seminars
seminar;Learning;seminars
seminars;Learning;seminars
Training;Learning;training
Training ;Learning;training
training;Learning;training
traning;Learning;training
Trainings;Learning;training
trainings;Learning;training
MOOC;Learning;MOOC
Massive Open Online Course;Learning;MOOC
Massive Open Online Course (MOOC);Learning;MOOC
massive open online courses;Learning;MOOC
MOOCs;Learning;MOOC
Migration and Asylum;Migration & Asylum;
Migration and asylum;Migration & Asylum;
Theme - Migration and Asylum;Migration & Asylum;
Migration;Migration & Asylum;
migration;Migration & Asylum;
migrations;Migration & Asylum;
migration policies;Migration & Asylum;Migration policy
migration policy;Migration & Asylum;Migration policy
migration dialogues;Migration & Asylum;Migration dialogue
Integrated Border Management;Migration & Asylum;Integrated border management
Integrated Border Management (IBM);Migration & Asylum;Integrated border management
south-south migration;Migration & Asylum;South-South migration
Asylum;Migration & Asylum;Asylum
ASYLUM;Migration & Asylum;Asylum
asylum;Migration & Asylum;Asylum
IDP;Migration & Asylum;IDPs
IDPs;Migration & Asylum;IDPs
Refugees/ IDPs;Migration & Asylum;IDPs
Refugee;Migration & Asylum;Refugees
Refugees;Migration & Asylum;Refugees
refugees;Migration & Asylum;Refugees
Labour Migration;Migration & Asylum;Labour migration
labour migration;Migration & Asylum;Labour migration
Human trafficking;Migration & Asylum;Human trafficking
human trafficking;Migration & Asylum;Human trafficking
Trafficking in Human Being;Migration & Asylum;Human trafficking
Trafficking in Human Beings;Migration & Asylum;Human trafficking
Trafficking of Human Beings;Migration & Asylum;Human trafficking
Monitoring & Evaluation;Monitoring & Evaluation;
Monitoring and evaluation;Monitoring & Evaluation;
monitoring and evaluation;Monitoring & Evaluation;
Monitoring, evaluation;Monitoring & Evaluation;
Evaluation /  Monitoring;Monitoring & Evaluation;
Evaluation / Monitoring;Monitoring & Evaluation;
Monitoring;Monitoring & Evaluation;
monitoring;Monitoring & Evaluation;
Evaluation;Monitoring & Evaluation;
evaluation;Monitoring & Evaluation;
Evaluations;Monitoring & Evaluation;
Monitoring and Evaluation / ROM;Monitoring & Evaluation;Results Oriented Monitoring (ROM)
ROM;Monitoring & Evaluation;Results Oriented Monitoring (ROM)
Evaluation Policy;Monitoring & Evaluation;Evaluation policy
Evaluation Unit;Monitoring & Evaluation;Evaluation uptake
evaluation uptake;Monitoring & Evaluation;Evaluation uptake
indicator;Monitoring & Evaluation;Indicators
Indicators;Monitoring & Evaluation;Indicators
INDICATORS;Monitoring & Evaluation;Indicators
indicador;Monitoring & Evaluation;Indicators
Evaluation Methodology;Monitoring & Evaluation;Evaluation methods
Evaluation methods;Monitoring & Evaluation;Evaluation methods
evaluation methods;Monitoring & Evaluation;Evaluation methods
Results framework;Monitoring & Evaluation;Results framework
"Results Framework; Monitoring";Monitoring & Evaluation;Results framework
results frameworks;Monitoring & Evaluation;Results framework
Private sector development;Private Sector Development;
Private Sector Development;Private Sector Development;
private sector development;Private Sector Development;
Private Sector Development ;Private Sector Development;
Private Sector;Private Sector Development;
private sector;Private Sector Development;
private sector;Private Sector Development;
Informal economy;Private Sector Development;Informal economy
Competitiveness;Private Sector Development;Competitiveness
Value chain;Private Sector Development;Value chains
value chain;Private Sector Development;Value chains
Value Chain;Private Sector Development;Value chains
value chains;Private Sector Development;Value chains
Foreign direct investment;Private Sector Development;Foreign Direct Investment
Public Private partnership;Private Sector Development;Public Private Partnerships
public private partnerships;Private Sector Development;Public Private Partnerships
Public Private Partnerships;Private Sector Development;Public Private Partnerships
Public-Private Partnerships;Private Sector Development;Public Private Partnerships
PublicPrivatePartnerships;Private Sector Development;Public Private Partnerships
Privatisation;Private Sector Development;Privatisation
industries;Private Sector Development;Industry
industry;Private Sector Development;Industry
SMEs;Private Sector Development;SMEs 
SME;Private Sector Development;SMEs 
sme;Private Sector Development;SMEs 
smes development;Private Sector Development;SMEs 
Entrepreneurship;Private Sector Development;Entrepreneurship
entrepreneurship;Private Sector Development;Entrepreneurship
private standards;Private Sector Development;Certification and standards
Private standards, certifications schemes and labels;Private Sector Development;Certification and standards
Public Sector Reform and Decentralisation;Public Sector Reform & Decentralisation;
Theme - Public Sector Reform and Decentralisation ;Public Sector Reform & Decentralisation;
Public Sector Reform;Public Sector Reform & Decentralisation;
Decentralisation;Public Sector Reform & Decentralisation;
decentralisation;Public Sector Reform & Decentralisation;
decentralization;Public Sector Reform & Decentralisation;
Decentralization;Public Sector Reform & Decentralisation;
Decentralisation & Local Governance;Public Sector Reform & Decentralisation;Local governance
Decentralisation and Local Governance;Public Sector Reform & Decentralisation;Local governance
local governance;Public Sector Reform & Decentralisation;Local governance
Local Govervance;Public Sector Reform & Decentralisation;Local governance
Fiscal Decentralisation;Public Sector Reform & Decentralisation;Fiscal decentralisation
Fiscal decentralisation;Public Sector Reform & Decentralisation;Fiscal decentralisation
fiscal decentralisation;Public Sector Reform & Decentralisation;Fiscal decentralisation
Decentralisation, conflict and fragile states;Public Sector Reform & Decentralisation;Decentralisation conflict and fragile states
Political economy of decentralisation and local governance;Public Sector Reform & Decentralisation;Political economy of decentralisation and local governance
Political economy and decentralization;Public Sector Reform & Decentralisation;Political economy of decentralisation and local governance
Research and Development;Research for Development;
Research Development;Research for Development;
research for development;Research for Development;
Research;Research for Development;
Research ;Research for Development;
research;Research for Development;
Social Protection;Social Protection;
social protection;Social Protection;
Social protection;Social Protection;
5.1 Social Protection;Social Protection;
Trade;Trade & Regional Integration;
Trade ;Trade & Regional Integration;
trade;Trade & Regional Integration;
Trade3;Trade & Regional Integration;
Trade integration;Trade & Regional Integration;
Regional Integration;Trade & Regional Integration;
Regional Integration ;Trade & Regional Integration;
regional integration;Trade & Regional Integration;
trade policy;Trade & Regional Integration;Trade Policy
Fair Trade;Trade & Regional Integration;Fair Trade
fair trade;Trade & Regional Integration;Fair Trade
Fairtrade;Trade & Regional Integration;Fair Trade
fairtrade;Trade & Regional Integration;Fair Trade
market access;Trade & Regional Integration;Market access
Market Access;Trade & Regional Integration;Market access
Trade facilitation;Trade & Regional Integration;Trade facilitation 
trade facilitation;Trade & Regional Integration;Trade facilitation 
Trade Facilitation ;Trade & Regional Integration;Trade facilitation 
Customs;Trade & Regional Integration;Customs
Customs ;Trade & Regional Integration;Customs
customs;Trade & Regional Integration;Customs
Export Helpdesk;Trade & Regional Integration;Export helpdesk
export helpdesk;Trade & Regional Integration;Export helpdesk
Aid for Trade;Trade & Regional Integration;Trade-related adjustment - Aid for trade
Aid for Trade ;Trade & Regional Integration;Trade-related adjustment - Aid for trade
aid for trade;Trade & Regional Integration;Trade-related adjustment - Aid for trade
Theme - Transport;Transport;
Transport;Transport;
transport;Transport;
Transports;Transport;
transports;Transport;
Transport Sector;Transport;
corridors;Transport;Corridors
Corridors;Transport;Corridors
transport costs;Transport;Transport costs
transport prices;Transport;Transport costs
Road Transport;Transport;Road transport
axle load;Transport;Axle Load Overweight
axle overload;Transport;Axle Load Overweight
Axleload Overweight;Transport;Axle Load Overweight
axleload overweight;Transport;Axle Load Overweight
Rail Transport;Transport;Rail transport
Maritime Transport;Transport;Maritime transport
Air Transport;Transport;Air transport
storage;Transport;Storage
sustainable cities;Urban Development and housing;Sustainable cities
Urban Development;Urban Development and housing;Urban development
Urban development;Urban Development and housing;Urban development
urban development;Urban Development and housing;Urban development
urban planning;Urban Development and housing;Urban policies & planning
Urban Mobility;Urban Development and housing;Urban mobility
housing;Urban Development and housing;Housing
Water and sanitation;Water & Sanitation ;
Water and Sanitation;Water & Sanitation ;
water and sanitation;Water & Sanitation ;
Water & Sanitation;Water & Sanitation ;
Water;Water & Sanitation ;
water;Water & Sanitation ;
Water ;Water & Sanitation ;
Sanitation;Water & Sanitation ;
sanitation;Water & Sanitation ;
Integrated Water Resource Management;Water & Sanitation ;Integrated Water Resource Management
IWRM;Water & Sanitation ;Integrated Water Resource Management
IWRM - Integrated Water Ressource Management;Water & Sanitation ;Integrated Water Resource Management
water policy;Water & Sanitation ;Water policies
Water Policies - Strategies;Water & Sanitation ;Water policies
Water scarcity;Water & Sanitation ;Water scarcity
water scarcity;Water & Sanitation ;Water scarcity
Water sarcity - security;Water & Sanitation ;Water scarcity
Water supply;Water & Sanitation ;Water supply - large systems 
Water Supply;Water & Sanitation ;Water supply - large systems 
water supply;Water & Sanitation ;Water supply - large systems 
Water supply and sanitation;Water & Sanitation ;Supply and sanitation
WASH;Water & Sanitation ;WASH
waste management;Water & Sanitation ;Waste management